{
    "final_accuracy": 97.63,
    "loss_per_epoch": [
        0.3116701721646507,
        0.13458229476274752,
        0.09866088936998665,
        0.07603465474590808,
        0.06262360995374626,
        0.051117253406061554,
        0.044330305361125276,
        0.03565888190077397,
        0.032375000346212914,
        0.026867984668543586
    ]
}