{
    "final_accuracy": 97.47,
    "loss_per_epoch": [
        0.32312851352776045,
        0.13807067030081802,
        0.10075671397961175,
        0.07980067737677803,
        0.06516360198050826,
        0.05271279222240723,
        0.04499444400366805,
        0.03725910941674053,
        0.03291000536191491,
        0.026074256760672338
    ]
}